# MySQL-Front 5.0  (Build 1.0)

/*!40101 SET @OLD_SQL_MODE=@@SQL_MODE */;
/*!40101 SET SQL_MODE='STRICT_TRANS_TABLES,NO_AUTO_CREATE_USER,NO_ENGINE_SUBSTITUTION' */;
/*!40111 SET @OLD_SQL_NOTES=@@SQL_NOTES */;
/*!40103 SET SQL_NOTES='ON' */;


# Host: localhost    Database: winschooldb
# ------------------------------------------------------
# Server version 5.1.30-community

USE `winschooldb`;

INSERT INTO `tblaction` VALUES (3,'Create student','This page allows user to create students. The fields mentioned in red asterisks  are mandatory. If the admission number text box is in freeze mode then system will automatically generate admission no. After clicking the create button previous school details page comes. This is optional user can cancel this page. The photo uploading is also optional. User can edit all the information in \'managestudent\' page, except a couple','CreateStudent.aspx','Link',NULL);
INSERT INTO `tblaction` VALUES (4,'Manage Student','This page allows user to edit the details of students. The fields mentioned in red asterisks  are mandatory. User cannot edit age, admission number and joining batch','ManageStudent.aspx','SubLink',NULL);
INSERT INTO `tblaction` VALUES (9,'Change staff Photo','This page allows user to change the photo of a staff. ','ChangeStaffPhoto.aspx','SubLink',NULL);
INSERT INTO `tblaction` VALUES (14,'Create Subject','This page allows user to create subject. The subjects can also be deleted if exams are not scheduled','CreateSubject.aspx','Link',NULL);
INSERT INTO `tblaction` VALUES (16,'Create Class','This page allows user to create classes for each standard. The  subjects can be added to the class from the left subject list','CreateClass.aspx','Link',NULL);
INSERT INTO `tblaction` VALUES (17,'Manage Class','This page allows user to manage the details of a class. The user can delete or update the class. The subjects can also be changed if there is no exams scheduled for the class','ManageClass.aspx','SubLink',NULL);
INSERT INTO `tblaction` VALUES (18,'Create Staff','This page helps user to create staffs. The fields mentioned in red asterisks are mandatory. After clicking the \'Create\' button, photo uploading option comes -this is optional . All the details can be edited in manage staff page  except the Login Name','CreateStaff.aspx','Link',NULL);
INSERT INTO `tblaction` VALUES (19,'Manage Staff','This page allows user to edit the details of a particular staff except the  login name. To change the photo go to \'change staff  photo\' page. This page can be accessed only if you have right','ManageStaff.aspx','SubLink',NULL);
INSERT INTO `tblaction` VALUES (20,'View Staff','This page helps user to search staffs. The default search displays all staffs in the system. The search conditions can be selected from the search by drop down list',NULL,'No Link',NULL);
INSERT INTO `tblaction` VALUES (22,'View Student',NULL,NULL,'No Link',NULL);
INSERT INTO `tblaction` VALUES (24,'Schedule Class Details','This page allows user to schedule the class by assigning a class teacher.','ScheduleClass.aspx','SubLink',NULL);
INSERT INTO `tblaction` VALUES (25,'View Class ',NULL,'LoadClassDetails.aspx','No Link',NULL);
INSERT INTO `tblaction` VALUES (27,'Schedule Roll No','This page allows user to schedule the roll number for each student if the class is scheduled.','ScheduleRollNo.aspx','SubLink',NULL);
INSERT INTO `tblaction` VALUES (29,'Create Batch','Creating a new batch will start a new calendar year and all the data in the previous year will be history. After creating a new batch you need to schedule class,fee and exam for the new year. You also need to promote the students to new class. ','ManageBatch.aspx','Link',NULL);
INSERT INTO `tblaction` VALUES (31,'Promote Manager','Promotion manger helps you to promote students from a class to another . User can decide whether a student is passed or failed by changing the status in the dropdown list. After selecting status for all students click promote button to complete promotion. ','PromotStudents.aspx','Link',NULL);
INSERT INTO `tblaction` VALUES (32,'Change PassWord','This page allows user to change password. ','ChangePassword.aspx','Link',NULL);
INSERT INTO `tblaction` VALUES (33,'Staff Resignation','This page allows user to give resignation for a staff. By clicking the \'Resign\' button the staff will be moved to history and will not be available in the system ','Staffresign.aspx','SubLink',NULL);
INSERT INTO `tblaction` VALUES (34,'Change Photo','This page allows user to change the photo of a student. This is optional','ChangeStudentImage.aspx','SubLink',NULL);
INSERT INTO `tblaction` VALUES (35,'Previous School Details','This page allows user to change the previous school details . The fields mentioned in red asterisks are mandatory.','UpdatePreviousSchoolData.aspx','SubLink',NULL);
INSERT INTO `tblaction` VALUES (36,'Issue TC','This page allows user to issue TC to a student. If the student has any fees due then TC cannot be issued. The user can generate the TC after filling the mandatory fields. After generating the TC the Cancel and Save buttons will be activated. To remove the student user can click the save button . To cancel the operation user can click the cancel button. If the TC printing page does not appear then check the pop-up settings of your internet browser ','IsssueCertificate.aspx','SubLink',NULL);
INSERT INTO `tblaction` VALUES (37,'School Details','This page allows user to change the general settings for the school. The school logo can also be changed from this page','SchoolDetails.aspx','Link',NULL);
INSERT INTO `tblaction` VALUES (47,'Search Student','This page allows user to search student history.','StudentSearch.aspx','No Link',NULL);
INSERT INTO `tblaction` VALUES (48,'Search Staff','This page allows user to search the staff history.','SearchStaff.aspx','Link',NULL);

INSERT INTO `tblbatch` VALUES (32,'2000-\r\n\r\n2001',NULL,NULL,0,0,NULL,32);
INSERT INTO `tblbatch` VALUES (33,'2001-\r\n\r\n2002',NULL,NULL,0,1,NULL,32);
INSERT INTO `tblbatch` VALUES (34,'2002-\r\n\r\n2003',NULL,NULL,0,1,NULL,33);
INSERT INTO `tblbatch` VALUES (35,'2003-\r\n\r\n2004',NULL,NULL,0,1,NULL,34);
INSERT INTO `tblbatch` VALUES (36,'2004-\r\n\r\n2005',NULL,NULL,0,1,NULL,35);
INSERT INTO `tblbatch` VALUES (37,'2005-\r\n\r\n2006',NULL,NULL,0,1,NULL,36);
INSERT INTO `tblbatch` VALUES (38,'2006-\r\n\r\n2007',NULL,NULL,0,1,NULL,37);
INSERT INTO `tblbatch` VALUES (39,'2007-\r\n\r\n2008',NULL,NULL,0,1,NULL,38);
INSERT INTO `tblbatch` VALUES (40,'2008-\r\n\r\n2009',NULL,NULL,0,1,NULL,39);
INSERT INTO `tblbatch` VALUES (41,'2009-\r\n\r\n2010',NULL,NULL,1,1,NULL,40);
INSERT INTO `tblbatch` VALUES (42,'2010-\r\n\r\n2011',NULL,NULL,0,0,NULL,NULL);
INSERT INTO `tblbatch` VALUES (43,'2011-\r\n\r\n2012',NULL,NULL,0,0,NULL,NULL);
INSERT INTO `tblbatch` VALUES (44,'2012-\r\n\r\n2013',NULL,NULL,0,0,NULL,NULL);
INSERT INTO `tblbatch` VALUES (45,'2014-\r\n\r\n2015',NULL,NULL,0,0,NULL,NULL);
INSERT INTO `tblbatch` VALUES (46,'2015-\r\n\r\n2016',NULL,NULL,0,0,NULL,NULL);
INSERT INTO `tblbatch` VALUES (47,'2016-\r\n\r\n2017',NULL,NULL,0,0,NULL,NULL);
INSERT INTO `tblbatch` VALUES (48,'2017-\r\n\r\n2018',NULL,NULL,0,0,NULL,NULL);
INSERT INTO `tblbatch` VALUES (49,'2018-\r\n\r\n2019',NULL,NULL,0,0,NULL,NULL);
INSERT INTO `tblbatch` VALUES (50,'2019-\r\n\r\n2020',NULL,NULL,0,0,NULL,NULL);
INSERT INTO `tblbatch` VALUES (51,'2032-\r\n\r\n2033',NULL,NULL,0,0,NULL,NULL);
INSERT INTO `tblbatch` VALUES (52,'2020-\r\n\r\n2021',NULL,NULL,0,0,NULL,NULL);
INSERT INTO `tblbatch` VALUES (53,'2021-\r\n\r\n2022',NULL,NULL,0,0,NULL,NULL);
INSERT INTO `tblbatch` VALUES (54,'2022-\r\n\r\n2023',NULL,NULL,0,0,NULL,NULL);
INSERT INTO `tblbatch` VALUES (55,'2023-\r\n\r\n2024',NULL,NULL,0,0,NULL,NULL);
INSERT INTO `tblbatch` VALUES (56,'2024-\r\n\r\n2025',NULL,NULL,0,0,NULL,NULL);
INSERT INTO `tblbatch` VALUES (57,'2025-\r\n\r\n2026',NULL,NULL,0,0,NULL,NULL);
INSERT INTO `tblbatch` VALUES (58,'2026-\r\n\r\n2027',NULL,NULL,0,0,NULL,NULL);
INSERT INTO `tblbatch` VALUES (59,'2028-\r\n\r\n2029',NULL,NULL,0,0,NULL,NULL);
INSERT INTO `tblbatch` VALUES (60,'2029-\r\n\r\n2030',NULL,NULL,0,0,NULL,NULL);
INSERT INTO `tblbatch` VALUES (61,'2031-\r\n\r\n2032',NULL,NULL,0,0,NULL,NULL);
INSERT INTO `tblbatch` VALUES (62,'2013-\r\n\r\n2014',NULL,NULL,0,0,NULL,NULL);
INSERT INTO `tblbatch` VALUES (63,'2027-\r\n\r\n2028',NULL,NULL,0,0,NULL,NULL);
INSERT INTO `tblbatch` VALUES (64,'2030-\r\n\r\n2031',NULL,NULL,0,0,NULL,NULL);
INSERT INTO `tblbloodgrp` VALUES (1,'A +ve');
INSERT INTO `tblbloodgrp` VALUES (2,'A -ve');
INSERT INTO `tblbloodgrp` VALUES (3,'B -ve');
INSERT INTO `tblbloodgrp` VALUES (4,'B +ve');
INSERT INTO `tblbloodgrp` VALUES (5,'O +ve');
INSERT INTO `tblbloodgrp` VALUES (6,'O -ve');
INSERT INTO `tblbloodgrp` VALUES (7,'AB +ve');
INSERT INTO `tblbloodgrp` VALUES (8,'AB -ve');
INSERT INTO `tblbloodgrp` VALUES (9,'A1 +ve');
INSERT INTO `tblbloodgrp` VALUES (10,'A1 -ve');
INSERT INTO `tblbloodgrp` VALUES (11,'A1B +ve');
INSERT INTO `tblbloodgrp` VALUES (12,'A1B -ve');
INSERT INTO `tblbloodgrp` VALUES (13,'A2 +ve');
INSERT INTO `tblbloodgrp` VALUES (14,'A2 -ve');
INSERT INTO `tblbloodgrp` VALUES (15,'A2B +ve');
INSERT INTO `tblbloodgrp` VALUES (16,'A2B -ve');
INSERT INTO `tblbloodgrp` VALUES (17,'Do Not Know');
INSERT INTO `tblclassroom` VALUES (1,'School1');
INSERT INTO `tblconfiguration` VALUES (1,'Student Creation','AdmisionNo','1','Auto Generate');
INSERT INTO `tblconfiguration` VALUES (2,'Printer Settings','Printer','Dot Matrix','Printer type');
INSERT INTO `tblconfiguration` VALUES (3,'Home','OtherDetails','1','Displays Castwise total number');

INSERT INTO `tblgrouptype` VALUES (1,'User','Default Group Type');
INSERT INTO `tblgrouptype` VALUES (2,'Project','Group contains persions associated with a project');
INSERT INTO `tbllanguage` VALUES (1,'English');
INSERT INTO `tbllanguage` VALUES (2,'Assamese/Axomiya');
INSERT INTO `tbllanguage` VALUES (3,'Bengali');
INSERT INTO `tbllanguage` VALUES (4,'Bodo');
INSERT INTO `tbllanguage` VALUES (5,'Dogri');
INSERT INTO `tbllanguage` VALUES (6,'Gujarati');
INSERT INTO `tbllanguage` VALUES (7,'Hindi');
INSERT INTO `tbllanguage` VALUES (8,'Kannada');
INSERT INTO `tbllanguage` VALUES (9,'Kashmiri');
INSERT INTO `tbllanguage` VALUES (10,'Konkani');
INSERT INTO `tbllanguage` VALUES (11,'Maithili');
INSERT INTO `tbllanguage` VALUES (12,'Malayalam');
INSERT INTO `tbllanguage` VALUES (13,'Manipuri');
INSERT INTO `tbllanguage` VALUES (14,'Marathi');
INSERT INTO `tbllanguage` VALUES (15,'Nepali ');
INSERT INTO `tbllanguage` VALUES (16,'Oriya ');
INSERT INTO `tbllanguage` VALUES (17,'Punjabi ');
INSERT INTO `tbllanguage` VALUES (18,'Sanskrit');
INSERT INTO `tbllanguage` VALUES (19,'Santali');
INSERT INTO `tbllanguage` VALUES (20,'Sindhi');
INSERT INTO `tbllanguage` VALUES (21,'Tamil');
INSERT INTO `tbllanguage` VALUES (22,'Telugu');
INSERT INTO `tbllanguage` VALUES (23,'Urdu');
INSERT INTO `tblmodule` VALUES (2,'Student Manager','This Module will have actions for managing Stusent information','StudentManager','SearchStudent.aspx',0);
INSERT INTO `tblmodule` VALUES (4,'Search','This module allowa user to search students,staff\'s etc','Search','StudentSearch.aspx',5);
INSERT INTO `tblmodule` VALUES (10,'Class Manager',NULL,'Class Manager','LoadClassDetails.aspx',2);
INSERT INTO `tblmodule` VALUES (11,'Staff Manager',NULL,'Staff Manager','ViewStaffs.aspx',1);
INSERT INTO `tblmodule` VALUES (12,'Configuration manager',NULL,'Configuration','ConfigurationHome.aspx',6);
INSERT INTO `tblmoduleactionmap` VALUES (2,3);
INSERT INTO `tblmoduleactionmap` VALUES (2,4);
INSERT INTO `tblmoduleactionmap` VALUES (10,16);
INSERT INTO `tblmoduleactionmap` VALUES (10,17);
INSERT INTO `tblmoduleactionmap` VALUES (11,18);
INSERT INTO `tblmoduleactionmap` VALUES (11,19);
INSERT INTO `tblmoduleactionmap` VALUES (11,20);
INSERT INTO `tblmoduleactionmap` VALUES (11,9);
INSERT INTO `tblmoduleactionmap` VALUES (12,14);
INSERT INTO `tblmoduleactionmap` VALUES (2,22);
INSERT INTO `tblmoduleactionmap` VALUES (10,24);
INSERT INTO `tblmoduleactionmap` VALUES (10,25);
INSERT INTO `tblmoduleactionmap` VALUES (10,27);
INSERT INTO `tblmoduleactionmap` VALUES (12,29);
INSERT INTO `tblmoduleactionmap` VALUES (12,31);
INSERT INTO `tblmoduleactionmap` VALUES (12,32);
INSERT INTO `tblmoduleactionmap` VALUES (11,33);
INSERT INTO `tblmoduleactionmap` VALUES (2,34);
INSERT INTO `tblmoduleactionmap` VALUES (2,35);
INSERT INTO `tblmoduleactionmap` VALUES (2,36);
INSERT INTO `tblmoduleactionmap` VALUES (12,37);
INSERT INTO `tblmoduleactionmap` VALUES (4,46);
INSERT INTO `tblmoduleactionmap` VALUES (4,47);
INSERT INTO `tblmoduleactionmap` VALUES (4,48);
INSERT INTO `tblperiod` VALUES (1,'January','4');
INSERT INTO `tblperiod` VALUES (2,'February','4');
INSERT INTO `tblperiod` VALUES (3,'March','4');
INSERT INTO `tblperiod` VALUES (4,'April','4');
INSERT INTO `tblperiod` VALUES (5,'May','4');
INSERT INTO `tblperiod` VALUES (6,'June','4');
INSERT INTO `tblperiod` VALUES (7,'July','4');
INSERT INTO `tblperiod` VALUES (8,'August','4');
INSERT INTO `tblperiod` VALUES (9,'September','4');
INSERT INTO `tblperiod` VALUES (10,'October','4');
INSERT INTO `tblperiod` VALUES (11,'November','4');
INSERT INTO `tblperiod` VALUES (12,'December','4');
INSERT INTO `tblperiod` VALUES (13,'Jun-to-Aug','3');
INSERT INTO `tblperiod` VALUES (14,'Sep-to-Nov','3');
INSERT INTO `tblperiod` VALUES (15,'Dec-to-Feb','3');
INSERT INTO `tblperiod` VALUES (16,'Mar-to-May','3');
INSERT INTO `tblperiod` VALUES (17,'Jun-to-Nov','2');
INSERT INTO `tblperiod` VALUES (18,'Dec-to-May','2');
INSERT INTO `tblperiod` VALUES (19,'Jun-to-Mar','1');
INSERT INTO `tblperiod` VALUES (20,'Sem 1','6');
INSERT INTO `tblperiod` VALUES (21,'Sem 2','6');
INSERT INTO `tblperiod` VALUES (22,'Sem 3','6');
INSERT INTO `tblperiod` VALUES (23,'Sem 4','6');
INSERT INTO `tblperiod` VALUES (24,'Sem 5','6');
INSERT INTO `tblperiod` VALUES (25,'Sem 6','6');
INSERT INTO `tblperiod` VALUES (26,'Sem 7','6');
INSERT INTO `tblperiod` VALUES (27,'Sem 8','6');
INSERT INTO `tblperiod` VALUES (28,'Jun-to-Mar','5');
INSERT INTO `tblpromotionmap` VALUES ('Nursery','Jr. KG');
INSERT INTO `tblpromotionmap` VALUES ('Jr. KG','Sr. KG');
INSERT INTO `tblpromotionmap` VALUES ('Sr. KG','I');
INSERT INTO `tblpromotionmap` VALUES ('I','II');
INSERT INTO `tblpromotionmap` VALUES ('II','III');
INSERT INTO `tblpromotionmap` VALUES ('III','IV');
INSERT INTO `tblpromotionmap` VALUES ('IV','V');
INSERT INTO `tblpromotionmap` VALUES ('V','VI');
INSERT INTO `tblpromotionmap` VALUES ('VI','VII');
INSERT INTO `tblpromotionmap` VALUES ('VII','VIII');
INSERT INTO `tblpromotionmap` VALUES ('VIII','IX');
INSERT INTO `tblpromotionmap` VALUES ('IX','X');
INSERT INTO `tblpromotionmap` VALUES ('X','Plus 1');
INSERT INTO `tblpromotionmap` VALUES ('Plus 1','Plus 2');
INSERT INTO `tblquatermonthmap` VALUES (13,1);
INSERT INTO `tblquatermonthmap` VALUES (13,2);
INSERT INTO `tblquatermonthmap` VALUES (13,3);
INSERT INTO `tblquatermonthmap` VALUES (14,4);
INSERT INTO `tblquatermonthmap` VALUES (14,5);
INSERT INTO `tblquatermonthmap` VALUES (14,6);
INSERT INTO `tblquatermonthmap` VALUES (15,7);
INSERT INTO `tblquatermonthmap` VALUES (15,8);
INSERT INTO `tblquatermonthmap` VALUES (15,9);
INSERT INTO `tblquatermonthmap` VALUES (16,10);
INSERT INTO `tblquatermonthmap` VALUES (16,11);
INSERT INTO `tblquatermonthmap` VALUES (16,12);
INSERT INTO `tblreligion` VALUES (1,'Christian');
INSERT INTO `tblreligion` VALUES (2,'Hindu');
INSERT INTO `tblreligion` VALUES (3,'Muslim');
INSERT INTO `tblreligion` VALUES (4,'Sikh');
INSERT INTO `tblreligion` VALUES (5,'Buddhist');
INSERT INTO `tblreligion` VALUES (6,'Jain');
INSERT INTO `tblresignreason` VALUES (1,'Transfer');
INSERT INTO `tblresignreason` VALUES (2,'Retirement');
INSERT INTO `tblresignreason` VALUES (3,'End of Period');
INSERT INTO `tblrole` VALUES (1,'Administrator','User under this role will be administrator','General');
INSERT INTO `tblschooldetails` VALUES (1,'','School Name','Address','Syllabus','Medium','');
INSERT INTO `tblstandard` VALUES (1,'Nursery');
INSERT INTO `tblstandard` VALUES (2,'Jr. KG');
INSERT INTO `tblstandard` VALUES (3,'Sr. KG');
INSERT INTO `tblstandard` VALUES (4,'I');
INSERT INTO `tblstandard` VALUES (5,'II');
INSERT INTO `tblstandard` VALUES (6,'III');
INSERT INTO `tblstandard` VALUES (7,'IV');
INSERT INTO `tblstandard` VALUES (8,'V');
INSERT INTO `tblstandard` VALUES (9,'VI');
INSERT INTO `tblstandard` VALUES (10,'VII');
INSERT INTO `tblstandard` VALUES (11,'VIII');
INSERT INTO `tblstandard` VALUES (12,'IX');
INSERT INTO `tblstandard` VALUES (13,'X');
INSERT INTO `tblstandard` VALUES (14,'Plus 1');
INSERT INTO `tblstandard` VALUES (15,'Plus 2');
INSERT INTO `tblstayingwith` VALUES (1,'Parent');
INSERT INTO `tblstayingwith` VALUES (2,'Guardian');
INSERT INTO `tblstayingwith` VALUES (3,'Paying Hostel');
INSERT INTO `tblstayingwith` VALUES (4,'Room');
INSERT INTO `tblstayingwith` VALUES (5,'Free Boarding Home');
INSERT INTO `tblsubject_type` VALUES (1,'Main',NULL);
INSERT INTO `tblsubject_type` VALUES (2,'Internal',NULL);
INSERT INTO `tblsubject_type` VALUES (3,'Co-curricular Activities',NULL);
INSERT INTO `tblsubject_type` VALUES (4,'Extra-curricular Activities',NULL);
INSERT INTO `tbluser` VALUES (1,'admin','FAW+FJS7v9oBElL71NSYNQ==','admin@winceron.com','admin','2009-05-14 13:49:03','2009-03-23 11:51:05',1,1,1);
INSERT INTO `tblversion` VALUES (1,'St.Francis initial database','St.Francis initial database',1);

/*!40111 SET SQL_NOTES=@OLD_SQL_NOTES */;
/*!40101 SET SQL_MODE=@OLD_SQL_MODE */;
